<?xml version="1.0" encoding="UTF-8"?>
<project-private xmlns="http://www.netbeans.org/ns/project-private/1">
    <editor-bookmarks xmlns="http://www.netbeans.org/ns/editor-bookmarks/2" lastBookmarkId="0"/>
    <open-files xmlns="http://www.netbeans.org/ns/projectui-open-files/2">
        <group>
            <file>file:/C:/Users/ASUS/Documents/FIKOM%20SEM%204/PBO/PRAKTIKUM/MODULE%202/GajiKaryawan/src/GajiServer/Services.java</file>
            <file>file:/C:/Users/ASUS/Documents/FIKOM%20SEM%204/PBO/PRAKTIKUM/MODULE%202/GajiKaryawan/src/GajiClient/GajiKaryawan.java</file>
            <file>file:/C:/Users/ASUS/Documents/FIKOM%20SEM%204/PBO/PRAKTIKUM/MODULE%202/GajiKaryawan/src/GajiServer/Main.java</file>
            <file>file:/C:/Users/ASUS/Documents/FIKOM%20SEM%204/PBO/PRAKTIKUM/MODULE%202/GajiKaryawan/src/GajiServer/OprationRMI.java</file>
        </group>
    </open-files>
</project-private>
